t_s,mbps_1_3s-025613d,mbps_2_3s-0e61e35,alive
10,9.57,9.38,2
20,9.64,9.56,2
30,9.23,1.95,2
40,9.40,0.31,2
50,9.52,0.31,2
60,9.51,0.31,2
70,9.23,0.31,2
80,9.29,0.31,2
90,9.59,0.30,2
100,9.09,0.31,2
110,9.60,0.31,2
120,9.21,0.31,2
130,9.54,0.31,2
140,9.20,0.31,2
150,9.62,0.31,2
160,9.20,0.31,2
170,9.38,0.31,2
180,9.37,0.31,2
190,9.39,0.31,2
200,9.53,0.31,2
210,9.66,0.30,2
220,9.35,0.31,2
230,9.51,0.31,2
240,9.74,0.31,2
250,9.29,0.31,2
260,9.78,0.31,2
270,9.36,0.31,2
280,9.69,0.31,2
290,9.50,0.31,2
300,9.64,0.30,2
310,9.45,0.31,2
320,9.56,0.31,2
330,9.58,0.31,2
340,9.37,0.31,2
350,9.83,0.31,2
360,9.41,0.31,2
370,9.59,0.31,2
381,8.72,0.28,2
391,9.65,0.31,2
401,9.30,0.31,2
411,9.60,0.31,2
421,9.70,0.31,2
431,9.30,0.31,2
441,9.83,0.31,2
451,9.29,0.31,2
461,9.70,0.31,2
471,9.54,0.31,2
481,9.36,0.31,2
491,9.68,0.31,2
501,9.52,0.31,2
511,9.63,0.30,2
521,9.32,0.31,2
531,9.87,0.31,2
541,9.41,0.31,2
551,9.31,0.31,2
561,9.84,0.31,2
571,9.44,0.31,2
581,9.49,0.31,2
591,9.58,0.31,2
601,9.43,0.31,2
611,9.56,0.31,2
621,9.62,0.31,2
631,9.65,0.30,2
641,9.31,0.31,2
651,9.80,0.31,2
661,9.44,0.31,2
671,9.58,0.31,2
681,9.55,0.31,2
691,9.51,0.31,2
701,9.44,0.31,2
711,9.68,0.31,2
721,9.65,0.30,2
731,9.25,0.31,2
741,9.89,0.31,2
751,9.47,0.31,2
761,9.46,0.31,2
771,9.56,0.31,2
781,9.49,0.31,2
791,9.55,0.31,2
801,9.51,0.31,2
811,9.77,0.31,2
821,9.29,0.31,2
831,9.76,0.31,2
841,9.48,0.30,2
851,9.35,0.31,2
861,9.73,0.31,2
871,9.52,0.31,2
881,9.48,0.31,2
891,9.58,0.31,2
901,9.76,0.31,2
911,9.23,0.31,2
921,9.82,0.31,2
931,9.53,0.31,2
941,9.47,0.31,2
951,9.49,0.31,2
961,9.56,0.31,2
971,9.53,0.31,2
981,9.46,0.31,2
991,9.84,0.31,2
1001,9.32,0.31,2
1011,9.66,0.31,2
1021,9.62,0.31,2
1032,8.38,0.29,2
1042,9.73,0.31,2
1052,9.61,0.30,2
1062,9.48,0.31,2
1072,9.47,0.31,2
1082,9.78,0.31,2
1092,9.34,0.31,2
1102,9.41,0.31,2
1112,9.83,0.31,2
1122,9.58,0.31,2
1132,9.41,0.31,2
1142,9.52,0.31,2
1152,9.67,0.31,2
1162,9.34,0.31,2
1172,9.52,0.30,2
1182,9.80,0.31,2
1192,9.31,0.31,2
1202,9.72,0.31,2
1212,9.60,0.31,2
1222,9.44,0.31,2
1232,9.53,0.31,2
1242,9.63,0.31,2
1252,9.42,0.31,2
1262,9.53,0.31,2
1272,9.87,0.31,2
1282,9.11,0.31,2
1292,9.64,0.31,2
1302,9.78,0.30,2
1312,9.40,0.31,2
1322,9.56,0.31,2
1332,9.57,0.31,2
1342,9.40,0.31,2
1352,9.60,0.31,2
1362,9.55,0.31,2
1372,9.43,0.31,2
1382,9.84,0.31,2
1392,9.19,0.30,2
1402,9.62,0.31,2
1412,9.76,0.31,2
1422,9.45,0.30,2
1432,9.56,0.31,2
1442,9.56,0.31,2
1452,9.48,0.31,2
1462,9.49,0.31,2
1472,9.73,0.31,2
1482,9.38,0.31,2
1492,9.72,0.31,2
1502,9.50,0.31,2
1512,9.36,0.30,2
1522,9.65,0.31,2
1532,9.51,0.31,2
1542,9.67,0.31,2
1552,9.45,0.31,2
1562,9.70,0.31,2
1572,9.29,0.31,2
1582,9.62,0.31,2
1592,9.62,0.31,2
1602,9.37,0.31,2
1612,9.76,0.31,2
1622,9.43,0.31,2
1632,9.64,0.30,2
1642,9.39,0.31,2
1652,9.56,0.31,2
1662,9.63,0.31,2
1672,9.36,0.31,2
1683,8.91,0.28,2
1693,9.45,0.31,2
1703,9.57,0.31,2
1713,9.51,0.31,2
1723,9.74,0.30,2
1733,9.29,0.31,2
1743,9.50,0.31,2
1753,9.64,0.31,2
1763,9.45,0.31,2
1773,9.74,0.31,2
1783,9.41,0.31,2
1793,9.68,0.31,2
1803,9.52,0.31,2
1813,9.62,0.31,2
1823,9.37,0.31,2
1833,9.59,0.31,2
1843,9.64,0.30,2
1853,9.30,0.31,2
1863,9.88,0.31,2
1873,9.42,0.31,2
1883,9.53,0.31,2
1893,9.59,0.31,2
1903,9.29,0.31,2
1913,9.70,0.31,2
1923,9.55,0.31,2
1933,9.58,0.30,2
1943,9.46,0.31,2
1953,9.79,0.31,2
1963,9.36,0.31,2
1973,9.32,0.31,2
1983,9.87,0.31,2
1993,9.41,0.31,2
2003,9.55,0.31,2
2013,9.60,0.31,2
2023,9.68,0.31,2
2033,9.26,0.31,2
2043,9.59,0.31,2
2053,9.75,0.30,2
2063,9.23,0.31,2
2073,9.84,0.31,2
2083,9.43,0.31,2
2093,9.55,0.31,2
2103,9.56,0.31,2
2113,9.44,0.31,2
2123,9.58,0.31,2
2133,9.61,0.31,2
2143,9.63,0.31,2
2153,9.25,0.31,2
2163,9.87,0.31,2
2173,9.46,0.31,2
2183,9.49,0.31,2
2193,9.65,0.31,2
2203,9.47,0.31,2
2213,9.47,0.31,2
2223,9.56,0.31,2
2233,9.80,0.31,2
2243,9.24,0.31,2
2253,9.79,0.31,2
2263,9.49,0.30,2
2273,9.34,0.31,2
2283,9.71,0.31,2
2293,9.47,0.31,2
2303,9.58,0.31,2
2313,9.50,0.31,2
2323,9.75,0.31,2
2334,8.41,0.28,2
2344,9.82,0.31,2
2354,9.52,0.30,2
2364,9.48,0.31,2
2374,9.58,0.31,2
2384,9.53,0.31,2
2394,9.47,0.31,2
2404,9.49,0.31,2
