epoch,relay_cpu_ticks,relay_rss_kb,relay_thr,relay_fd,box_total,box_idle,tx_bytes,tx_packets,rx_bytes,bw_out_exc,bw_in_exc,pps_exc,conntrack_exc,udp_socks
1788863173,5,18504,3,11,97088938,76945289,61554912741,51077094,2913840929,0,0,0,0,1
1788863174,5,18504,3,11,97089134,76945456,61554912741,51077094,2913840929,0,0,0,0,1
1788863175,5,18504,3,11,97089330,76945623,61554912741,51077094,2913840929,0,0,0,0,1
1788863176,5,18504,3,11,97089527,76945790,61554912741,51077094,2913840929,0,0,0,0,1
1788863177,5,18504,3,11,97089725,76945958,61554912741,51077094,2913840929,0,0,0,0,1
1788863178,5,18504,3,11,97089923,76946126,61554912741,51077094,2913840929,0,0,0,0,1
1788863179,5,18504,3,11,97090122,76946294,61554912741,51077094,2913840929,0,0,0,0,1
1788863180,5,18504,3,11,97090321,76946461,61554913647,51077101,2913841389,0,0,0,0,1
1788863181,5,18504,3,11,97090518,76946628,61554913647,51077101,2913841389,0,0,0,0,1
1788863182,5,18504,3,11,97090714,76946795,61554913647,51077101,2913841389,0,0,0,0,1
1788863183,5,18504,3,11,97090910,76946961,61554913689,51077102,2913841417,0,0,0,0,1
1788863184,5,18504,3,11,97091105,76947127,61554913779,51077103,2913841493,0,0,0,0,1
1788863185,5,18504,3,11,97091304,76947296,61554913779,51077103,2913841493,0,0,0,0,1
1788863186,5,23576,3,11,97091501,76947462,61554917612,51077116,2913846328,0,0,0,0,1
1788863187,5,23576,3,11,97091697,76947629,61554917612,51077116,2913846328,0,0,0,0,1
1788863188,5,23576,3,11,97091895,76947796,61554917612,51077116,2913846328,0,0,0,0,1
1788863189,5,23576,3,11,97092092,76947963,61554917612,51077116,2913846328,0,0,0,0,1
1788863190,5,23576,3,11,97092292,76948131,61554917612,51077116,2913846328,0,0,0,0,1
1788863191,5,23576,3,11,97092489,76948297,61554917843,51077119,2913846512,0,0,0,0,1
1788863192,5,23576,3,11,97092685,76948463,61554917843,51077119,2913846512,0,0,0,0,1
1788863193,5,23576,3,11,97092883,76948630,61554917920,51077120,2913846580,0,0,0,0,1
1788863194,13,28892,3,11,97093077,76948787,61557475141,51079709,2916444588,0,0,0,0,1
1788863195,16,30356,3,11,97093275,76948951,61558784911,51080878,2917670703,0,0,0,0,1
1788863196,19,31540,3,11,97093469,76949113,61560085554,51082123,2918952830,0,0,0,0,1
1788863197,22,32820,3,11,97093667,76949275,61561377162,51083375,2920227098,0,0,0,0,1
1788863198,26,34160,3,11,97093861,76949437,61562684134,51084642,2921515782,0,0,0,0,1
1788863200,29,35288,3,11,97094059,76949599,61563773336,51085926,2922806122,0,0,0,0,1
1788863201,33,36768,3,11,97094255,76949762,61565254173,51087154,2924049500,0,0,0,0,1
1788863202,35,38144,3,11,97094457,76949925,61566564016,51088419,2925342166,0,0,0,0,1
1788863203,39,39404,3,11,97094655,76950088,61567865389,51089690,2926634115,0,0,0,0,1
1788863204,41,40700,3,11,97094851,76950250,61569159005,51090932,2927903237,0,0,0,0,1
1788863205,44,42044,3,11,97095047,76950412,61570452101,51092199,2929178176,0,0,0,0,1
1788863206,47,43284,3,11,97095243,76950575,61571710281,51093407,2930419413,0,0,0,0,1
1788863207,50,44660,3,11,97095440,76950740,61573040394,51094670,2931733018,0,0,0,0,1
1788863208,53,45896,3,11,97095637,76950904,61574271957,51095890,2932947966,0,0,0,0,1
1788863209,56,47312,3,11,97095837,76951068,61575636982,51097186,2934305531,0,0,0,0,1
1788863210,59,48612,3,11,97096033,76951231,61576917568,51098401,2935560544,0,0,0,0,1
1788863211,63,49908,3,11,97096230,76951394,61578218291,51099657,2936843682,0,0,0,0,1
1788863212,65,51160,3,11,97096429,76951558,61579466509,51100839,2938075975,0,0,0,0,1
1788863213,68,52532,3,11,97096626,76951721,61580811202,51102106,2939402975,0,0,0,0,1
1788863214,71,53812,3,11,97096823,76951884,61582102467,51103368,2940698594,0,0,0,0,1
1788863215,75,55120,3,11,97097020,76952046,61583393969,51104641,2941949907,0,0,0,0,1
1788863216,77,56452,3,11,97097217,76952210,61584711414,51105882,2943252151,0,0,0,0,1
1788863217,80,57776,3,11,97097416,76952374,61585972094,51107106,2944496053,0,0,0,0,1
1788863218,83,59056,3,11,97097612,76952537,61587285509,51108380,2945792935,0,0,0,0,1
1788863219,86,60348,3,11,97097809,76952700,61588528996,51109565,2947075877,0,0,0,0,1
1788863220,88,61724,3,11,97098006,76952862,61589851004,51110837,2948325465,0,0,0,0,1
1788863221,91,62904,3,11,97098201,76953025,61591035677,51111962,2949494519,0,0,0,0,1
1788863222,94,64300,3,11,97098398,76953190,61592438791,51113299,2950879440,0,0,0,0,1
1788863223,97,65596,3,11,97098596,76953353,61593753756,51114576,2952178150,0,0,0,0,1
1788863224,100,66984,3,11,97098793,76953515,61595029526,51115792,2953445185,0,0,0,0,1
1788863226,103,68240,3,11,97098990,76953678,61596323953,51117044,2954715245,0,0,0,0,1
1788863227,106,68956,3,11,97099187,76953842,61597611120,51118255,2955986635,0,0,0,0,1
1788863228,108,69240,3,11,97099386,76954007,61598903628,51119474,2957263355,0,0,0,0,1
1788863229,110,69452,3,11,97099587,76954171,61600186836,51120673,2958529587,0,0,0,0,1
1788863230,113,69596,3,11,97099783,76954335,61601458189,51121863,2959785380,0,0,0,0,1
1788863231,116,70568,3,11,97099979,76954498,61602766524,51123092,2961077526,0,0,0,0,1
1788863232,118,71580,3,11,97100173,76954661,61603967518,51124227,2962262367,0,0,0,0,1
1788863233,121,72860,3,11,97100368,76954824,61605371813,51125560,2963649161,0,0,0,0,1
1788863234,123,73992,3,11,97100564,76954987,61606630589,51126741,2964892596,0,0,0,0,1
1788863235,126,75172,3,11,97100760,76955152,61607913617,51127963,2966159280,0,0,0,0,1
1788863236,129,76312,3,11,97100958,76955317,61609196439,51129157,2967426853,0,0,0,0,1
1788863237,132,76756,3,11,97101155,76955481,61610487121,51130384,2968701888,0,0,0,0,1
1788863238,134,76756,3,11,97101352,76955644,61611804320,51131606,2970002298,0,0,0,0,1
1788863239,137,77144,3,11,97101547,76955807,61613070825,51132802,2971252796,0,0,0,0,1
1788863240,139,77444,3,11,97101744,76955970,61614398587,51134050,2972563735,0,0,0,0,1
1788863241,142,77576,3,11,97101939,76956133,61615660492,51135251,2973809417,0,0,0,0,1
1788863242,144,77720,3,11,97102136,76956295,61616818064,51136355,2974952249,0,0,0,0,1
1788863243,147,78712,3,11,97102334,76956460,61618276145,51137715,2976392896,0,0,0,0,1
1788863244,150,79660,3,11,97102535,76956626,61619427150,51138804,2977677936,0,0,0,0,1
1788863245,153,80940,3,11,97102731,76956790,61620845316,51140143,2978951306,0,0,0,0,1
1788863246,155,82056,3,11,97102927,76956953,61622077851,51141296,2980147879,0,0,0,0,1
1788863247,158,83260,3,11,97103124,76957117,61623394747,51142534,2981447721,0,0,0,0,1
1788863248,161,84276,3,11,97103318,76957279,61624704269,51143783,2982754650,0,0,0,0,1
1788863249,163,85188,3,11,97103517,76957444,61625998883,51144994,2984018909,0,0,0,0,1
1788863250,167,85188,3,11,97103715,76957609,61627227383,51146167,2985231593,0,0,0,0,1
1788863251,169,85188,3,11,97103910,76957772,61628577677,51147411,2986565344,0,0,0,0,1
1788863253,172,85196,3,11,97104107,76957936,61629850978,51148610,2987822144,0,0,0,0,1
1788863254,174,85196,3,11,97104303,76958099,61631013467,51149703,2988977596,0,0,0,0,1
1788863255,177,85196,3,11,97104500,76958264,61632459583,51151050,2990398863,0,0,0,0,1
1788863256,180,85196,3,11,97104698,76958428,61633772942,51152316,2991712274,0,0,0,0,1
1788863257,182,85196,3,11,97104896,76958590,61635062513,51153526,2992969043,0,0,0,0,1
1788863258,185,85196,3,11,97105091,76958753,61636368483,51154763,2994258637,0,0,0,0,1
1788863259,188,85212,3,11,97105287,76958916,61637593370,51155933,2995468791,0,0,0,0,1
1788863260,191,85212,3,11,97105488,76959080,61638897404,51157182,2996755202,0,0,0,0,1
1788863261,193,85212,3,11,97105683,76959243,61640172800,51158388,2998015837,0,0,0,0,1
1788863262,196,85212,3,11,97105881,76959406,61641512914,51159654,2999365509,0,0,0,0,1
1788863263,199,85212,3,11,97106076,76959568,61642809451,51160874,3000620503,0,0,0,0,1
1788863264,201,85220,3,11,97106275,76959732,61644019231,51162049,3001814882,0,0,0,0,1
1788863265,204,85220,3,11,97106472,76959896,61645392159,51163327,3003171447,0,0,0,0,1
1788863266,207,85220,3,11,97106669,76960060,61646689631,51164551,3004453462,0,0,0,0,1
1788863267,210,85680,3,11,97106866,76960222,61648000344,51165842,3005754443,0,0,0,0,1
1788863268,213,85744,3,11,97107061,76960385,61649204287,51166996,3006935121,0,0,0,0,1
1788863269,216,85812,3,11,97107257,76960548,61650582731,51168280,3008297014,0,0,0,0,1
1788863270,219,85820,3,11,97107455,76960711,61651878290,51169527,3009575652,0,0,0,0,1
1788863271,221,85820,3,11,97107652,76960876,61653183157,51170770,3010881009,0,0,0,0,1
1788863272,225,85820,3,11,97107848,76961039,61654453509,51171986,3012118282,0,0,0,0,1
1788863273,227,85820,3,11,97108044,76961202,61655777952,51173267,3013432632,0,0,0,0,1
1788863274,230,85820,3,11,97108238,76961364,61657046230,51174471,3014678620,0,0,0,0,1
1788863275,232,85820,3,11,97108435,76961528,61658319574,51175662,3015936007,0,0,0,0,1
1788863276,235,85828,3,11,97108631,76961692,61659633145,51176857,3017233895,0,0,0,0,1
1788863277,237,85828,3,11,97108829,76961857,61660903218,51178040,3018487553,0,0,0,0,1
1788863278,240,85828,3,11,97109028,76962022,61662243189,51179280,3019812241,0,0,0,0,1
1788863280,243,85828,3,11,97109225,76962186,61663446564,51180413,3021000904,0,0,0,0,1
1788863281,245,85828,3,11,97109421,76962349,61664647604,51181536,3022188051,0,0,0,0,1
1788863282,248,85828,3,11,97109617,76962512,61665992400,51182781,3023516192,0,0,0,0,1
1788863283,251,85840,3,11,97109813,76962675,61667385210,51184064,3024897962,0,0,0,0,1
1788863284,253,85840,3,11,97110010,76962838,61668572215,51185189,3026064944,0,0,0,0,1
1788863285,263,92592,3,11,97110208,76962994,61678939092,51193953,3027630112,0,0,0,0,1
1788863286,282,100252,3,11,97110407,76963140,61698669741,51210489,3029053586,0,0,0,0,1
1788863287,306,108120,3,11,97110603,76963280,61728324874,51235604,3030655137,0,0,0,0,1
1788863288,334,112624,3,11,97110798,76963417,61759632595,51262573,3032123171,0,0,0,0,1
1788863289,358,112628,3,11,97110998,76963558,61794341334,51292174,3033733466,0,0,0,0,1
1788863290,382,112632,3,11,97111198,76963701,61826177335,51319208,3035216837,0,0,0,0,1
1788863291,405,112632,3,11,97111395,76963844,61858191234,51346655,3036713888,0,0,0,0,1
1788863292,430,112632,3,11,97111591,76963985,61890235473,51373841,3038189087,0,0,0,0,1
1788863293,453,112632,3,11,97111791,76964130,61919756463,51399060,3039554656,0,0,0,0,1
1788863294,477,112636,3,11,97111988,76964271,61954689109,51428786,3041177681,0,0,0,0,1
1788863295,503,112636,3,11,97112185,76964412,61986639231,51456296,3042697101,0,0,0,0,1
1788863296,528,113088,3,11,97112381,76964553,62019404537,51484222,3044230820,0,0,0,0,1
1788863297,552,114208,3,11,97112580,76964694,62051627996,51512072,3045754794,0,0,0,0,1
1788863298,580,114208,3,11,97112779,76964835,62083828071,51540402,3047307373,0,0,0,0,1
1788863299,605,114208,3,11,97112978,76964974,62116290453,51568195,3048829009,0,0,0,0,1
1788863300,628,114212,3,11,97113174,76965116,62148603398,51595265,3050304665,0,0,0,0,1
1788863301,650,114212,3,11,97113370,76965260,62177772040,51620023,3051666739,0,0,0,0,1
1788863302,675,114212,3,11,97113565,76965401,62212595753,51649769,3053313595,0,0,0,0,1
1788863304,702,114212,3,11,97113766,76965543,62245079264,51677906,3054860973,0,0,0,0,1
1788863305,727,114212,3,11,97113968,76965685,62277110654,51705461,3056373473,0,0,0,0,1
1788863306,753,114212,3,11,97114164,76965824,62308894524,51733096,3057933561,0,0,0,0,1
1788863307,781,114444,3,11,97114361,76965960,62341372518,51760757,3059459205,0,0,0,0,1
1788863308,804,115652,3,11,97114557,76966101,62370511022,51785741,3060845449,0,0,0,0,1
1788863309,831,116816,3,11,97114758,76966243,62406097605,51815866,3062507976,0,0,0,0,1
1788863310,856,117992,3,11,97114959,76966384,62436861940,51842258,3063947517,0,0,0,0,1
1788863311,878,118732,3,11,97115158,76966529,62469886726,51870151,3065489305,0,0,0,0,1
1788863312,902,118800,3,11,97115354,76966672,62501287494,51896740,3066942532,0,0,0,0,1
1788863313,924,119024,3,11,97115552,76966815,62529777330,51920904,3068284544,0,0,0,0,1
1788863314,949,119024,3,11,97115747,76966956,62562575103,51948787,3069829803,0,0,0,0,1
1788863315,974,119024,3,11,97115943,76967094,62597143071,51978149,3071464800,0,0,0,0,1
1788863316,999,119024,3,11,97116142,76967239,62631264280,52006993,3073092472,0,0,0,0,1
1788863317,1023,119300,3,11,97116342,76967382,62663738180,52034520,3074616924,0,0,0,0,1
1788863318,1045,119300,3,11,97116540,76967524,62693298442,52059380,3076026761,0,0,0,0,1
1788863319,1069,119584,3,11,97116736,76967666,62727110749,52087915,3077607763,0,0,0,0,1
1788863320,1094,119860,3,11,97116931,76967809,62759751437,52115610,3079140921,0,0,0,0,1
1788863321,1118,119860,3,11,97117132,76967952,62791854001,52143152,3080685465,0,0,0,0,1
1788863322,1142,119860,3,11,97117329,76968092,62824306686,52170837,3082192392,0,0,0,0,1
1788863323,1169,119860,3,11,97117527,76968232,62856505976,52198423,3083729980,0,0,0,0,1
1788863324,1195,119860,3,11,97117726,76968374,62888941099,52226406,3085263593,0,0,0,0,1
1788863325,1221,119860,3,11,97117924,76968515,62921414696,52254329,3086809533,0,0,0,0,1
1788863327,1247,119860,3,11,97118120,76968654,62953232500,52281782,3088319264,0,0,0,0,1
1788863328,1271,119860,3,11,97118315,76968795,62984705044,52309516,3089858064,0,0,0,0,1
1788863329,1296,119860,3,11,97118515,76968938,63017241470,52336601,3091357165,0,0,0,0,1
1788863330,1320,119860,3,11,97118713,76969080,63049788640,52364107,3092889008,0,0,0,0,1
1788863331,1341,119860,3,11,97118911,76969223,63078361348,52390714,3094377323,0,0,0,0,1
1788863332,1367,119860,3,11,97119110,76969367,63114176820,52418763,3095876744,0,0,0,0,1
1788863333,1389,119860,3,11,97119309,76969509,63144492247,52444513,3097295326,0,0,0,0,1
1788863334,1415,119860,3,11,97119505,76969649,63177193575,52472609,3098846862,0,0,0,0,1
1788863335,1441,119860,3,11,97119704,76969791,63211419097,52501980,3100447979,0,0,0,0,1
1788863336,1467,119860,3,11,97119902,76969932,63242640953,52528718,3101944913,0,0,0,0,1
1788863337,1491,119860,3,11,97120100,76970073,63273474978,52555134,3103404599,0,0,0,0,1
1788863338,1516,119860,3,11,97120296,76970214,63303950852,52581226,3105008569,0,0,0,0,1
1788863339,1539,119860,3,11,97120495,76970357,63339814335,52611820,3106544109,0,0,0,0,1
1788863340,1561,119860,3,11,97120693,76970503,63370985047,52637715,3107977037,0,0,0,0,1
1788863341,1585,119860,3,11,97120893,76970647,63403055004,52664706,3109469297,0,0,0,0,1
1788863342,1606,119860,3,11,97121090,76970792,63432596401,52689969,3111016272,0,0,0,0,1
1788863343,1632,119860,3,11,97121290,76970935,63468509403,52719941,3112537172,0,0,0,0,1
1788863344,1657,119860,3,11,97121486,76971077,63500652057,52747776,3114067207,0,0,0,0,1
1788863345,1679,119860,3,11,97121684,76971221,63532813981,52774522,3115559151,0,0,0,0,1
1788863346,1704,119860,3,11,97121884,76971362,63564685179,52801622,3117060905,0,0,0,0,1
1788863347,1726,119860,3,11,97122082,76971507,63596164814,52828019,3118524412,0,0,0,0,1
1788863348,1750,120092,3,11,97122279,76971649,63627645939,52854667,3120002354,0,0,0,0,1
1788863349,1772,120092,3,11,97122475,76971791,63661257580,52883514,3121593097,0,0,0,0,1
1788863351,1798,120092,3,11,97122674,76971935,63693526546,52910349,3123132093,0,0,0,0,1
1788863352,1821,120092,3,11,97122872,76972080,63722468414,52934976,3124466261,0,0,0,0,1
1788863353,1845,120356,3,11,97123068,76972222,63758824256,52966030,3126185297,0,0,0,0,1
1788863354,1867,120356,3,11,97123267,76972367,63787436416,52989930,3127508196,0,0,0,0,1
1788863355,1891,120356,3,11,97123467,76972510,63821873928,53018900,3129120386,0,0,0,0,1
1788863356,1915,120356,3,11,97123664,76972653,63855381815,53047117,3130706633,0,0,0,0,1
1788863357,1940,120356,3,11,97123864,76972794,63885289107,53072606,3132119158,0,0,0,0,1
1788863358,1964,120356,3,11,97124058,76972935,63918198134,53100386,3133658970,0,0,0,0,1
1788863359,1989,120356,3,11,97124256,76973076,63951829938,53128960,3135253457,0,0,0,0,1
1788863360,2014,120356,3,11,97124456,76973217,63981074232,53154201,3136633537,0,0,0,0,1
1788863361,2041,120356,3,11,97124652,76973355,64016029514,53184068,3138263176,0,0,0,0,1
1788863362,2065,120356,3,11,97124849,76973496,64048644487,53211934,3139794684,0,0,0,0,1
1788863363,2093,120356,3,11,97125048,76973636,64081249690,53239982,3141357804,0,0,0,0,1
1788863364,2117,120356,3,11,97125246,76973777,64111653310,53266033,3142848573,0,0,0,0,1
1788863365,2144,120356,3,11,97125443,76973916,64144731577,53294753,3144391148,0,0,0,0,1
1788863366,2170,120356,3,11,97125639,76974055,64177268090,53322321,3145908459,0,0,0,0,1
1788863367,2196,120356,3,11,97125838,76974196,64208841444,53349381,3147406383,0,0,0,0,1
1788863368,2220,120356,3,11,97126039,76974339,64239997093,53375849,3148886002,0,0,0,0,1
1788863369,2245,120516,3,11,97126235,76974479,64273013096,53403724,3150446523,0,0,0,0,1
1788863370,2269,120968,3,11,97126432,76974623,64306550715,53432141,3152008710,0,0,0,0,1
1788863371,2289,120968,3,11,97126631,76974769,64335411147,53456640,3153353467,0,0,0,0,1
1788863372,2312,120968,3,11,97126829,76974913,64363806015,53480682,3154688917,0,0,0,0,1
1788863374,2337,120968,3,11,97127025,76975053,64402972635,53513701,3156504050,0,0,0,0,1
1788863375,2363,120968,3,11,97127220,76975192,64433415579,53539858,3157944786,0,0,0,0,1
1788863376,2388,120968,3,11,97127416,76975331,64466665023,53568107,3159513885,0,0,0,0,1
1788863377,2415,120968,3,11,97127617,76975472,64499926164,53596791,3161118635,0,0,0,0,1
1788863378,2440,120968,3,11,97127813,76975612,64530011021,53622470,3162555525,0,0,0,0,1
1788863379,2475,128900,3,11,97128012,76975744,64574188909,53660418,3164335320,0,0,0,0,1
1788863380,2515,135556,3,11,97128210,76975869,64624467566,53702861,3165989057,0,0,0,0,1
1788863381,2560,144668,3,11,97128406,76975988,64685215184,53754547,3167797209,0,0,0,0,1
1788863382,2611,151032,3,11,97128605,76976104,64747517442,53807836,3169529523,0,0,0,0,1
1788863383,2656,151180,3,11,97128804,76976228,64814974134,53865754,3171324738,0,0,0,0,1
1788863384,2701,151180,3,11,97129003,76976351,64875384367,53917045,3172942275,0,0,0,0,1
1788863385,2743,151180,3,11,97129201,76976474,64944041878,53974758,3174732087,0,0,0,0,1
1788863386,2790,152076,3,11,97129399,76976595,65006977586,54028602,3176439763,0,0,0,0,1
1788863387,2836,152076,3,11,97129597,76976714,65069344813,54082122,3178134849,0,0,0,0,1
1788863388,2885,152076,3,11,97129798,76976833,65137348950,54140081,3179975367,0,0,0,0,1
1788863389,2930,152076,3,11,97129998,76976955,65201185693,54194208,3181704655,0,0,0,0,1
1788863390,2973,152076,3,11,97130201,76977079,65267425706,54250078,3183470118,0,0,0,0,1
1788863391,3020,152076,3,11,97130402,76977198,65333649716,54306234,3185244797,0,0,0,0,1
1788863392,3067,152076,3,11,97130598,76977318,65395982936,54359550,3186918454,0,0,0,0,1
1788863393,3113,152076,3,11,97130795,76977438,65462643797,54416383,3188692391,0,0,0,0,1
1788863394,3156,152076,3,11,97130996,76977561,65524260403,54468613,3190324351,0,0,0,0,1
1788863396,3201,152076,3,11,97131195,76977682,65590520497,54524206,3192045265,0,0,0,0,1
1788863397,3246,152076,3,11,97131391,76977804,65654795205,54578078,3193701568,0,0,0,0,1
1788863398,3289,152076,3,11,97131589,76977926,65719752424,54633236,3195412787,0,0,0,0,1
1788863399,3338,152076,3,11,97131788,76978044,65784754937,54688861,3197182991,0,0,0,0,1
1788863400,3384,152076,3,11,97131988,76978165,65846894944,54741174,3198885617,0,0,0,0,1
1788863401,3436,152076,3,11,97132185,76978279,65915549116,54799574,3200702472,0,0,0,0,1
1788863402,3488,151064,3,11,97132385,76978395,65977963794,54853208,3202429956,0,0,0,0,1
1788863403,3532,151064,3,11,97132583,76978516,66038496091,54904288,3204049988,0,0,0,0,1
1788863404,3580,151064,3,11,97132779,76978632,66102245198,54958349,3205769170,0,0,0,0,1
1788863405,3629,151064,3,11,97132974,76978749,66172893201,55017684,3207628194,0,0,0,0,1
1788863406,3674,151064,3,11,97133174,76978870,66237074809,55072524,3209395643,0,0,0,0,1
1788863407,3722,151064,3,11,97133377,76978991,66302327990,55127483,3211147900,0,0,0,0,1
1788863408,3769,151064,3,11,97133575,76979110,66362440510,55178910,3212786603,0,0,0,0,1
1788863409,3816,151064,3,11,97133769,76979228,66431961698,55237560,3214680583,0,0,0,0,1
1788863410,3861,151064,3,11,97133969,76979350,66496080003,55291737,3216370373,0,0,0,0,1
1788863411,3907,151112,3,11,97134167,76979471,66560766526,55347456,3218135678,0,0,0,0,1
1788863412,3951,151720,3,11,97134370,76979594,66625858284,55401629,3219857167,0,0,0,0,1
1788863413,3997,152048,3,11,97134572,76979717,66688571097,55454736,3221543181,0,0,0,0,1
1788863414,4044,152704,3,11,97134771,76979837,66755449052,55511127,3223360738,0,0,0,0,1
1788863415,4090,153100,3,11,97134968,76979955,66818408857,55564699,3225021920,0,0,0,0,1
1788863416,4139,153100,3,11,97135167,76980074,66885181179,55620932,3226829225,0,0,0,0,1
1788863418,4181,153568,3,11,97135367,76980199,66949678713,55675389,3228544687,0,0,0,0,1
1788863419,4230,153760,3,11,97135571,76980318,67015632335,55730966,3230312268,0,0,0,0,1
1788863420,4273,153904,3,11,97135770,76980442,67077607683,55784336,3232037555,0,0,0,0,1
1788863421,4320,153904,3,11,97135970,76980561,67145614069,55840685,3233814207,0,0,0,0,1
1788863422,4363,153904,3,11,97136168,76980686,67206112103,55892389,3235437013,0,0,0,0,1
1788863423,4409,154084,3,11,97136368,76980807,67274171947,55949596,3237231646,0,0,0,0,1
1788863424,4453,154268,3,11,97136567,76980929,67339628555,56004810,3238972457,0,0,0,0,1
1788863425,4496,154536,3,11,97136765,76981052,67394962427,56052932,3240625496,0,0,0,0,1
1788863426,4546,154536,3,11,97136969,76981172,67470356719,56115620,3242457332,0,0,0,0,1
1788863427,4592,154664,3,11,97137168,76981291,67531917670,56168064,3244194311,0,0,0,0,1
1788863428,4638,154848,3,11,97137366,76981412,67598769576,56224733,3245885856,0,0,0,0,1
1788863429,4687,154848,3,11,97137566,76981531,67664565452,56280925,3247693681,0,0,0,0,1
1788863430,4735,154848,3,11,97137766,76981652,67727365198,56334931,3249379685,0,0,0,0,1
1788863431,4786,154848,3,11,97137966,76981769,67795716310,56393248,3251253519,0,0,0,0,1
1788863432,4834,154848,3,11,97138165,76981888,67860100838,56447987,3253022051,0,0,0,0,1
1788863433,4884,154848,3,11,97138368,76982005,67926359349,56504544,3254812100,0,0,0,0,1
1788863434,4930,154848,3,11,97138566,76982128,67985011724,56554641,3256410468,0,0,0,0,1
1788863435,4981,154848,3,11,97138766,76982246,68054633434,56613710,3258271792,0,0,0,0,1
1788863437,5030,154848,3,11,97138966,76982362,68120712287,56670714,3260137850,0,0,0,0,1
1788863438,5077,154848,3,11,97139164,76982482,68181145391,56724309,3261854856,0,0,0,0,1
1788863439,5122,154848,3,11,97139367,76982605,68243244440,56775590,3263611358,0,0,0,0,1
1788863440,5175,154848,3,11,97139571,76982723,68316981840,56836995,3265423748,0,0,0,0,1
1788863441,5222,154848,3,11,97139768,76982841,68380833969,56891355,3267197832,0,0,0,0,1
1788863442,5268,154848,3,11,97139971,76982967,68447871934,56948156,3268961128,0,0,0,0,1
1788863443,5317,154848,3,11,97140169,76983084,68510364311,57001592,3270654569,0,0,0,0,1
1788863444,5363,154848,3,11,97140370,76983205,68575265276,57056500,3272395502,0,0,0,0,1
1788863445,5412,154848,3,11,97140571,76983326,68642192505,57113292,3274213909,0,0,0,0,1
1788863446,5463,154848,3,11,97140768,76983441,68706242808,57168034,3275982625,0,0,0,0,1
1788863447,5510,154848,3,11,97140969,76983561,68769265509,57221629,3277679783,0,0,0,0,1
1788863448,5555,154848,3,11,97141168,76983682,68828097820,57271653,3279413679,0,0,0,0,1
1788863449,5608,154848,3,11,97141372,76983802,68903637585,57335708,3281351965,0,0,0,0,1
1788863450,5660,154848,3,11,97141576,76983919,68967070262,57390299,3283085466,0,0,0,0,1
1788863451,5706,154848,3,11,97141774,76984038,69032277694,57445897,3284873601,0,0,0,0,1
1788863452,5757,154848,3,11,97141976,76984154,69097648069,57501633,3286612982,0,0,0,0,1
1788863453,5805,154848,3,11,97142172,76984273,69162883561,57557335,3288368265,0,0,0,0,1
1788863454,5852,154848,3,11,97142371,76984391,69227468872,57612295,3290124342,0,0,0,0,1
1788863455,5901,154848,3,11,97142567,76984508,69290132907,57666849,3291885894,0,0,0,0,1
1788863457,5947,154848,3,11,97142767,76984629,69356901798,57722439,3293653390,0,0,0,0,1
1788863458,5994,154848,3,11,97142967,76984752,69422426473,57777782,3295369297,0,0,0,0,1
1788863459,6041,154848,3,11,97143167,76984873,69484335524,57831192,3297143026,0,0,0,0,1
1788863460,6089,154848,3,11,97143369,76984992,69549599576,57886384,3298859953,0,0,0,0,1
1788863461,6137,154848,3,11,97143565,76985108,69613987773,57940979,3300577510,0,0,0,0,1
1788863462,6183,154848,3,11,97143761,76985228,69678406828,57995360,3302312830,0,0,0,0,1
1788863463,6232,154848,3,11,97143959,76985345,69743093996,58050807,3304078475,0,0,0,0,1
1788863464,6283,154848,3,11,97144160,76985464,69812055043,58109992,3305976515,0,0,0,0,1
1788863465,6331,154848,3,11,97144362,76985585,69876169848,58163941,3307689555,0,0,0,0,1
1788863466,6379,154848,3,11,97144564,76985706,69941371889,58219906,3309492460,0,0,0,0,1
1788863467,6426,154848,3,11,97144767,76985828,70003360202,58271599,3311125058,0,0,0,0,1
1788863468,6473,154848,3,11,97144964,76985946,70072206484,58329772,3312953497,0,0,0,0,1
1788863469,6520,154848,3,11,97145163,76986066,70135834616,58383341,3314656649,0,0,0,0,1
1788863470,6568,154848,3,11,97145363,76986186,70199680708,58438023,3316482459,0,0,0,0,1
1788863471,6615,154848,3,11,97145562,76986307,70268378041,58495671,3318245158,0,0,0,0,1
1788863472,6665,157000,3,11,97145762,76986423,70333319339,58550884,3319997530,0,0,0,0,1
1788863473,6724,164932,3,11,97145967,76986533,70405450936,58612897,3321945000,0,0,0,0,1
1788863474,6794,171624,3,11,97146172,76986635,70497629925,58691225,3323973249,0,0,0,0,1
1788863476,6868,180532,3,11,97146377,76986729,70593900093,58773402,3326090679,0,0,0,0,1
1788863477,6942,188340,3,11,97146583,76986824,70690479020,58854545,3328113695,0,0,0,0,1
1788863478,7033,196272,3,11,97146788,76986908,70817170587,58961811,3330360584,0,0,0,0,1
1788863479,7126,206116,3,11,97146998,76986987,70942465068,59068277,3332633872,0,0,0,0,1
1788863480,7233,214824,3,11,97147210,76987052,71076993915,59182164,3334977140,0,0,0,0,1
1788863481,7331,215628,3,11,97147416,76987123,71210022255,59295856,3337265821,0,0,0,0,1
1788863482,7427,215748,3,11,97147623,76987200,71341993464,59408865,3339572587,0,0,0,0,1
1788863483,7516,215748,3,11,97147829,76987280,71465579403,59512723,3341620785,0,0,0,0,1
1788863484,7606,215748,3,11,97148032,76987362,71601862764,59628165,3343886248,0,0,0,0,1
1788863485,7693,215748,3,11,97148235,76987446,71727182859,59734086,3346113436,0,0,0,0,1
1788863486,7786,215992,3,11,97148445,76987523,71863849590,59848132,3348388087,0,0,0,0,1
1788863487,7872,216152,3,11,97148644,76987606,71990925430,59954578,3350535200,0,0,0,0,1
1788863488,7958,216316,3,11,97148845,76987689,72116499188,60060728,3352646921,0,0,0,0,1
1788863489,8049,217328,3,11,97149045,76987765,72250294605,60172987,3354906655,0,0,0,0,1
1788863491,8140,217328,3,11,97149254,76987847,72385075948,60286652,3357205624,0,0,0,0,1
1788863492,8230,217564,3,11,97149454,76987926,72511885992,60394535,3359447349,0,0,0,0,1
1788863493,8316,217804,3,11,97149660,76988014,72634241586,60498584,3361601240,0,0,0,0,1
1788863494,8411,219680,3,11,97149866,76988095,72776985243,60617910,3364019953,0,0,0,0,1
1788863495,8503,222696,3,11,97150074,76988177,72910594166,60729363,3366264305,0,0,0,0,1
1788863496,8591,222696,3,11,97150278,76988258,73037393893,60838199,3368577949,0,0,0,0,1
1788863497,8681,222696,3,11,97150484,76988340,73170332183,60951990,3370956616,0,0,0,0,1
1788863498,8772,222696,3,11,97150693,76988425,73307275052,61065838,3373177625,0,0,0,0,1
1788863499,8858,222696,3,11,97150896,76988513,73429859856,61168906,3375236714,0,0,0,0,1
1788863500,8950,222696,3,11,97151099,76988592,73564406667,61282261,3377521957,0,0,0,0,1
1788863501,9041,222696,3,11,97151302,76988670,73698981122,61396398,3379821493,0,0,0,0,1
1788863502,9133,222696,3,11,97151510,76988753,73824804366,61504613,3382056244,0,0,0,0,1
1788863503,9230,222696,3,11,97151715,76988826,73960885251,61619470,3384265708,0,0,0,0,1
1788863504,9319,222696,3,11,97151922,76988913,74086332272,61725783,3386402189,0,0,0,0,1
1788863505,9406,222696,3,11,97152128,76988995,74218587607,61837864,3388702413,0,0,0,0,1
1788863507,9496,222696,3,11,97152333,76989078,74357766506,61955021,3390935566,0,0,0,0,1
1788863508,9584,222696,3,11,97152540,76989160,74487639983,62064086,3393164496,0,0,0,0,1
1788863509,9670,222696,3,11,97152744,76989244,74609151944,62166323,3395237401,0,0,0,0,1
1788863510,9759,223416,3,11,97152944,76989322,74743459375,62279008,3397579086,0,0,0,0,1
1788863511,9844,223948,3,11,97153144,76989405,74879314351,62392896,3399957878,0,0,0,0,1
1788863512,9932,224028,3,11,97153351,76989492,75009026992,62501681,3402119574,0,0,0,0,1
1788863513,10014,224028,3,11,97153551,76989577,75129403764,62606059,3404358558,0,0,0,0,1
1788863514,10109,224304,3,11,97153763,76989658,75272618262,62722751,3406639804,0,0,0,0,1
1788863515,10192,224700,3,11,97153963,76989745,75387951831,62820144,3408687408,0,0,0,0,1
1788863516,10287,225384,3,11,97154167,76989823,75532775593,62942029,3411140917,0,0,0,0,1
1788863517,10375,226708,3,11,97154371,76989907,75665732298,63054524,3413282442,0,0,0,0,1
1788863518,10454,226708,3,11,97154574,76989997,75771460367,63144387,3415154725,0,0,0,0,1
1788863519,10549,226708,3,11,97154777,76990074,75920487052,63269508,3417654745,0,0,0,0,1
1788863520,10637,226708,3,11,97154978,76990159,76059408375,63386248,3419990743,0,0,0,0,1
1788863521,10725,227012,3,11,97155186,76990245,76188541702,63497307,3422235025,0,0,0,0,1
1788863522,10816,227012,3,11,97155393,76990328,76319798296,63605572,3424442510,0,0,0,0,1
1788863523,10900,227280,3,11,97155597,76990413,76439847868,63706547,3426453094,0,0,0,0,1
1788863525,10989,227280,3,11,97155806,76990498,76582742690,63826905,3428842189,0,0,0,0,1
1788863526,11078,227280,3,11,97156013,76990584,76706988974,63931329,3430900671,0,0,0,0,1
1788863527,11163,227280,3,11,97156216,76990668,76830220259,64035450,3432962860,0,0,0,0,1
1788863528,11246,227280,3,11,97156417,76990756,76952525080,64138483,3435229132,0,0,0,0,1
1788863529,11343,227280,3,11,97156620,76990831,77100867843,64263313,3437465380,0,0,0,0,1
1788863530,11434,227280,3,11,97156820,76990909,77235554163,64378663,3439823654,0,0,0,0,1
1788863531,11522,227280,3,11,97157026,76990993,77357631837,64481326,3441989431,0,0,0,0,1
1788863532,11618,227280,3,11,97157233,76991070,77501805983,64601217,3444278494,0,0,0,0,1
1788863533,11710,227280,3,11,97157435,76991146,77631446964,64713984,3446489354,0,0,0,0,1
1788863534,11806,227280,3,11,97157639,76991221,77761681251,64825455,3448704910,0,0,0,0,1
1788863535,11898,227280,3,11,97157844,76991300,77898775958,64939015,3450877077,0,0,0,0,1
1788863536,11991,227280,3,11,97158052,76991382,78031959008,65052318,3453084236,0,0,0,0,1
1788863537,12083,227280,3,11,97158258,76991461,78162786881,65163585,3455298509,0,0,0,0,1
1788863538,12178,227280,3,11,97158468,76991538,78291121590,65272893,3457424602,0,0,0,0,1
1788863539,12273,227280,3,11,97158672,76991613,78426781121,65388400,3459740329,0,0,0,0,1
1788863541,12366,227280,3,11,97158882,76991694,78558185121,65501040,3461966408,0,0,0,0,1
1788863542,12461,227280,3,11,97159087,76991771,78692636751,65615399,3464244274,0,0,0,0,1
1788863543,12551,227280,3,11,97159291,76991850,78816587191,65721722,3466418833,0,0,0,0,1
1788863544,12642,227280,3,11,97159495,76991932,78955152198,65838819,3468559449,0,0,0,0,1
1788863545,12726,227280,3,11,97159698,76992021,79079682367,65944019,3470718724,0,0,0,0,1
1788863546,12818,227280,3,11,97159908,76992105,79218542515,66060200,3472966556,0,0,0,0,1
1788863547,12902,227280,3,11,97160115,76992200,79350149824,66171374,3475242015,0,0,0,0,1
1788863548,12991,227280,3,11,97160328,76992282,79472346241,66276686,3477468317,0,0,0,0,1
1788863549,13081,227280,3,11,97160535,76992362,79606165996,66386952,3479541362,0,0,0,0,1
1788863550,13176,227280,3,11,97160738,76992436,79753042700,66511343,3482005359,0,0,0,0,1
1788863551,13262,227280,3,11,97160944,76992521,79875384068,66613585,3484060849,0,0,0,0,1
1788863552,13350,227280,3,11,97161142,76992605,80006813278,66724222,3486262054,0,0,0,0,1
1788863553,13445,227280,3,11,97161347,76992678,80144020303,66840741,3488558806,0,0,0,0,1
1788863554,13536,225764,3,11,97161551,76992760,80270361693,66948523,3490742448,0,0,0,0,1
1788863556,13628,225764,3,11,97161758,76992845,80405453261,67063381,3492914260,0,0,0,0,1
1788863557,13719,225764,3,11,97161962,76992924,80540210078,67178437,3495168916,0,0,0,0,1
1788863558,13815,225764,3,11,97162167,76992999,80671090226,67290265,3497398697,0,0,0,0,1
1788863559,13906,225764,3,11,97162372,76993077,80800486623,67401719,3499560625,0,0,0,0,1
1788863560,13994,225764,3,11,97162574,76993158,80923103560,67505822,3501634635,0,0,0,0,1
1788863561,14079,225764,3,11,97162781,76993245,81049576754,67615409,3503940314,0,0,0,0,1
1788863562,14175,225764,3,11,97162989,76993324,81197169224,67736419,3506229149,0,0,0,0,1
1788863563,14267,224560,3,11,97163197,76993405,81330883861,67848515,3508485444,0,0,0,0,1
1788863564,14350,224560,3,11,97163399,76993490,81450192151,67950273,3510627720,0,0,0,0,1
1788863565,14434,224560,3,11,97163604,76993575,81586709833,68065761,3512882208,0,0,0,0,1
1788863566,14531,224560,3,11,97163814,76993654,81719869008,68175157,3515083052,0,0,0,0,1
1788863567,14616,224560,3,11,97164019,76993738,81846133386,68281552,3517315899,0,0,0,0,1
1788863568,14702,224560,3,11,97164225,76993824,81962788723,68379542,3519287951,0,0,0,0,1
1788863569,14795,224560,3,11,97164427,76993901,82108267453,68501329,3521754531,0,0,0,0,1
1788863570,14885,224560,3,11,97164627,76993981,82246125626,68616845,3524073293,0,0,0,0,1
1788863572,14974,227988,3,11,97164832,76994062,82373486467,68724378,3526409068,0,0,0,0,1
1788863573,15084,236000,3,11,97165043,76994125,82528864327,68853739,3528821040,0,0,0,0,1
1788863574,15185,244884,3,11,97165245,76994195,82672710368,68974107,3531071358,0,0,0,0,1
1788863575,15294,252736,3,11,97165446,76994256,82842824508,69116575,3533643395,0,0,0,0,1
1788863576,15411,264084,3,11,97165658,76994315,83018034336,69262450,3536170862,0,0,0,0,1
1788863577,15542,272888,3,11,97165873,76994362,83204055719,69419046,3539020278,0,0,0,0,1
1788863578,15672,283724,3,11,97166087,76994413,83394530208,69583031,3541789163,0,0,0,0,1
1788863579,15808,290824,3,11,97166302,76994459,83605274603,69754035,3544534823,0,0,0,0,1
1788863580,15940,291340,3,11,97166515,76994508,83805454959,69921617,3547339704,0,0,0,0,1
1788863581,16070,291340,3,11,97166732,76994554,83991870905,70076999,3549711452,0,0,0,0,1
1788863582,16206,291616,3,11,97166942,76994600,84212360720,70261207,3552643674,0,0,0,0,1
1788863583,16345,291888,3,11,97167149,76994636,84424666271,70439471,3555522897,0,0,0,0,1
1788863585,16470,291888,3,11,97167356,76994684,84603100866,70590206,3557936289,0,0,0,0,1
1788863586,16608,292256,3,11,97167565,76994725,84821018396,70772600,3560979068,0,0,0,0,1
1788863587,16746,292792,3,11,97167788,76994774,85024483668,70944664,3563940307,0,0,0,0,1
1788863588,16883,293340,3,11,97168010,76994821,85223215490,71107694,3566559570,0,0,0,0,1
1788863589,17018,293728,3,11,97168223,76994869,85436730212,71285337,3569443200,0,0,0,0,1
1788863590,17147,294116,3,11,97168437,76994921,85626140714,71447893,3572120253,0,0,0,0,1
1788863591,17284,294652,3,11,97168658,76994972,85841264242,71624001,3574844137,0,0,0,0,1
1788863592,17417,295188,3,11,97168868,76995019,86038093215,71789164,3577706142,0,0,0,0,1
1788863593,17551,295788,3,11,97169087,76995066,86228674908,71948823,3580395889,0,0,0,0,1
1788863594,17693,296312,3,11,97169301,76995105,86439328332,72123545,3583187686,0,0,0,0,1
1788863596,17829,296460,3,11,97169512,76995149,86653294223,72304471,3586271821,0,0,0,0,1
1788863597,17969,296708,3,11,97169737,76995196,86867134591,72482530,3589220827,0,0,0,0,1
1788863598,18114,296708,3,11,97169957,76995234,87076011343,72656772,3591994407,0,0,0,0,1
1788863599,18243,296708,3,11,97170171,76995285,87273318291,72823419,3594666776,0,0,0,0,1
1788863600,18372,296948,3,11,97170387,76995336,87470747835,72988437,3597308087,0,0,0,0,1
1788863601,18509,297096,3,11,97170602,76995380,87667599408,73152481,3599924282,0,0,0,0,1
1788863602,18643,297596,3,11,97170811,76995419,87869331104,73321456,3602897995,0,0,0,0,1
1788863603,18774,297984,3,11,97171022,76995464,88063289245,73482866,3605437271,0,0,0,0,1
1788863604,18903,298552,3,11,97171231,76995511,88267356718,73653367,3608317969,0,0,0,0,1
1788863605,19031,298868,3,11,97171441,76995558,88452905274,73809368,3610949329,0,0,0,0,1
1788863606,19169,299264,3,11,97171654,76995593,88652769856,73975506,3613616562,0,0,0,0,1
1788863608,19301,299800,3,11,97171861,76995636,88873263075,74160309,3616626291,0,0,0,0,1
1788863609,19434,300044,3,11,97172080,76995690,89070068429,74324379,3619380412,0,0,0,0,1
1788863610,19574,300440,3,11,97172291,76995728,89278796562,74498628,3622138697,0,0,0,0,1
1788863611,19701,300824,3,11,97172500,76995779,89470290879,74659546,3624859435,0,0,0,0,1
1788863612,19842,300824,3,11,97172714,76995817,89682977124,74838775,3627899934,0,0,0,0,1
1788863613,19992,300824,3,11,97172940,76995854,89898001397,75018879,3630751275,0,0,0,0,1
1788863614,20125,300824,3,11,97173155,76995900,90090190803,75179838,3633392612,0,0,0,0,1
1788863615,20257,300824,3,11,97173365,76995947,90293392962,75350636,3636247901,0,0,0,0,1
1788863616,20395,300824,3,11,97173581,76995989,90488030560,75512455,3639040197,0,0,0,0,1
1788863617,20529,300824,3,11,97173795,76996036,90695239203,75685986,3641817339,0,0,0,0,1
1788863618,20654,300824,3,11,97174004,76996090,90879067247,75842033,3644529650,0,0,0,0,1
1788863620,20794,300824,3,11,97174214,76996127,91089575254,76016560,3647327679,0,0,0,0,1
1788863621,20920,300824,3,11,97174419,76996175,91285384639,76181692,3650116163,0,0,0,0,1
1788863622,21055,300824,3,11,97174632,76996218,91482407112,76345913,3652735680,0,0,0,0,1
1788863623,21185,300824,3,11,97174840,76996266,91689289658,76519732,3655580035,0,0,0,0,1
1788863624,21322,300824,3,11,97175054,76996314,91886969117,76686281,3658208010,0,0,0,0,1
1788863625,21449,300824,3,11,97175264,76996364,92079495159,76848438,3660876671,0,0,0,0,1
1788863626,21584,300824,3,11,97175479,76996412,92287953145,77024062,3663747392,0,0,0,0,1
1788863627,21717,300824,3,11,97175696,76996460,92492440874,77192706,3666294044,0,0,0,0,1
1788863628,21855,300824,3,11,97175907,76996505,92701362569,77368709,3669097125,0,0,0,0,1
1788863629,21983,300824,3,11,97176122,76996554,92895152293,77531876,3671772664,0,0,0,0,1
1788863630,22110,300824,3,11,97176336,76996602,93079207004,77686547,3674433706,0,0,0,0,1
1788863632,22244,300824,3,11,97176546,76996647,93290607011,77862564,3677033309,0,0,0,0,1
1788863633,22378,300824,3,11,97176751,76996691,93501232967,78038648,3679992225,0,0,0,0,1
1788863634,22504,300824,3,11,97176960,76996740,93683052032,78191124,3682422172,0,0,0,0,1
1788863635,22638,300824,3,11,97177171,76996786,93895792473,78369267,3685333734,0,0,0,0,1
1788863636,22774,300824,3,11,97177386,76996827,94098597010,78538758,3688134771,0,0,0,0,1
1788863637,22904,300824,3,11,97177597,76996873,94299962826,78709549,3690856049,0,0,0,0,1
1788863638,23032,300824,3,11,97177808,76996924,94499138805,78873268,3693506942,0,0,0,0,1
1788863639,23167,300824,3,11,97178024,76996972,94702266707,79043073,3696255418,0,0,0,0,1
1788863640,23295,300824,3,11,97178235,76997021,94897073164,79206057,3698941089,0,0,0,0,1
1788863641,23427,300824,3,11,97178447,76997074,95087121764,79364952,3701475643,0,0,0,0,1
1788863642,23567,300824,3,11,97178656,76997109,95307759724,79549236,3704456955,0,0,0,0,1
1788863643,23699,300824,3,11,97178866,76997156,95494641384,79706827,3707105479,0,0,0,0,1
1788863644,23831,299152,3,11,97179076,76997205,95691063565,79870995,3709727444,0,0,0,0,1
1788863646,23964,299152,3,11,97179282,76997247,95903744630,80048740,3712594419,0,0,0,0,1
1788863647,24091,299152,3,11,97179492,76997297,96086491519,80202106,3715263868,0,0,0,0,1
1788863648,24224,299152,3,11,97179703,76997345,96302110433,80382210,3718040544,0,0,0,0,1
1788863649,24353,299152,3,11,97179911,76997387,96493588110,80544688,3720682882,0,0,0,0,1
1788863650,24487,299152,3,11,97180126,76997435,96696781934,80712053,3723386913,0,0,0,0,1
1788863651,24615,299152,3,11,97180339,76997483,96882064364,80867954,3726064433,0,0,0,0,1
1788863652,24754,299152,3,11,97180549,76997522,97097895431,81047963,3728795746,0,0,0,0,1
1788863653,24890,299152,3,11,97180761,76997564,97307967967,81223702,3731599126,0,0,0,0,1
1788863654,25024,299152,3,11,97180975,76997607,97507314087,81389912,3734321939,0,0,0,0,1
1788863655,25151,299152,3,11,97181182,76997655,97699294279,81551833,3736946710,0,0,0,0,1
1788863656,25295,299152,3,11,97181393,76997691,97904477217,81725737,3739715724,0,0,0,0,1
1788863657,25438,299152,3,11,97181607,76997728,98110789645,81900702,3742473639,0,0,0,0,1
1788863659,25577,299152,3,11,97181822,76997771,98315288187,82074148,3745211367,0,0,0,0,1
1788863660,25723,299152,3,11,97182041,76997809,98526595943,82254143,3748032139,0,0,0,0,1
1788863661,25864,299152,3,11,97182257,76997846,98728140023,82425373,3750720754,0,0,0,0,1
1788863662,26003,299152,3,11,97182471,76997884,98934867049,82601102,3753455577,0,0,0,0,1
1788863663,26119,299152,3,11,97182681,76997947,99095341907,82737138,3755855852,0,0,0,0,1
1788863664,26260,299152,3,11,97182892,76997990,99318313841,82922275,3758644249,0,0,0,0,1
1788863665,26392,299152,3,11,97183100,76998034,99524910091,83096627,3761397281,0,0,0,0,1
1788863666,26531,299152,3,11,97183311,76998070,99726758594,83268896,3764092320,0,0,0,0,1
1788863667,26668,299152,3,11,97183526,76998114,99928486623,83439873,3766750402,0,0,0,0,1
1788863668,26815,299152,3,11,97183740,76998142,100132509786,83612187,3769502120,0,0,0,0,1
1788863669,26950,299152,3,11,97183949,76998187,100329610397,83780365,3772179837,0,0,0,0,1
1788863671,27077,299152,3,11,97184163,76998242,100518383847,83939463,3774676459,0,0,0,0,1
1788863672,27204,299152,3,11,97184375,76998294,100713702335,84103329,3777287454,0,0,0,0,1
1788863673,27350,302928,3,11,97184588,76998331,100915453427,84273277,3779953718,0,0,0,0,1
1788863674,27496,310932,3,11,97184803,76998370,101131219722,84455549,3782707249,0,0,0,0,1
1788863675,27646,318664,3,11,97185014,76998395,101340861661,84631010,3785299549,0,0,0,0,1
1788863676,27798,325760,3,11,97185229,76998421,101562418887,84817278,3788042694,0,0,0,0,1
1788863677,27943,333564,3,11,97185438,76998452,101774307734,84993624,3790519118,0,0,0,0,1
1788863678,28086,340420,3,11,97185645,76998484,101981722049,85167976,3793055043,0,0,0,0,1
1788863679,28235,348088,3,11,97185859,76998514,102199249655,85350256,3795527998,0,0,0,0,1
1788863680,28376,350440,3,11,97186071,76998551,102419340154,85535134,3798064100,0,0,0,0,1
1788863681,28525,350440,3,11,97186285,76998585,102651251614,85730383,3800792559,0,0,0,0,1
1788863682,28676,351012,3,11,97186501,76998610,102874271242,85918506,3803383053,0,0,0,0,1
1788863684,28828,354416,3,11,97186717,76998642,103111394055,86115786,3806041329,0,0,0,0,1
1788863685,28979,354224,3,11,97186929,76998674,103328918423,86298306,3808538794,0,0,0,0,1
1788863686,29142,354224,3,11,97187145,76998692,103589785437,86516363,3811490515,0,0,0,0,1
1788863687,29306,355244,3,11,97187371,76998725,103823994018,86715881,3814299961,0,0,0,0,1
1788863688,29459,355696,3,11,97187588,76998762,104058968585,86912422,3817077005,0,0,0,0,1
1788863689,29609,357452,3,11,97187800,76998791,104280604057,87098434,3819734195,0,0,0,0,1
1788863690,29766,357680,3,11,97188011,76998817,104517765043,87296238,3822626911,0,0,0,0,1
1788863691,29933,358056,3,11,97188230,76998839,104771192259,87506086,3825697568,0,0,0,0,1
1788863692,30092,358148,3,11,97188445,76998858,105016417491,87709644,3828806603,0,0,0,0,1
1788863693,30265,358148,3,11,97188664,76998867,105268364889,87918505,3831767930,0,0,0,0,1
1788863695,30424,358148,3,11,97188891,76998897,105502953021,88114106,3834783386,0,0,0,0,1
1788863696,30598,358432,3,11,97189108,76998907,105755028807,88321663,3837915634,0,0,0,0,1
1788863697,30767,358432,3,11,97189330,76998923,106004286209,88527082,3840948691,0,0,0,0,1
1788863698,30928,358724,3,11,97189547,76998943,106231177144,88714243,3843820577,0,0,0,0,1
1788863699,31099,358872,3,11,97189766,76998955,106469565771,88911531,3846762651,0,0,0,0,1
1788863700,31267,359180,3,11,97189983,76998974,106730964462,89127581,3849837823,0,0,0,0,1
1788863701,31435,359180,3,11,97190197,76998994,106976914578,89331374,3852786068,0,0,0,0,1
1788863702,31586,359616,3,11,97190411,76999020,107208700299,89524094,3855549578,0,0,0,0,1
1788863703,31755,359896,3,11,97190625,76999035,107455357978,89729771,3858761448,0,0,0,0,1
1788863704,31923,359896,3,11,97190850,76999054,107704541311,89933704,3861577681,0,0,0,0,1
1788863706,32084,360060,3,11,97191064,76999073,107928265793,90118784,3864316397,0,0,0,0,1
1788863707,32179,360768,3,11,97191272,76999147,108081486124,90244050,3865983196,0,0,0,0,1
1788863708,32184,360768,3,11,97191466,76999309,108081489213,90244090,3865983946,0,0,0,0,1
1788863709,32288,360932,3,11,97191667,76999377,108222722897,90363692,3867638146,0,0,0,0,1
1788863710,32451,360932,3,11,97191881,76999397,108466029742,90570519,3870785959,0,0,0,0,1
1788863711,32564,361212,3,11,97192101,76999465,108621872047,90695863,3872451751,0,0,0,0,1
1788863712,32699,361212,3,11,97192306,76999507,108812425510,90855348,3874830573,0,0,0,0,1
1788863713,32781,361504,3,11,97192520,76999600,108918194716,90944584,3876131780,0,0,0,0,1
1788863714,32942,361504,3,11,97192732,76999628,109157485655,91143498,3879128505,0,0,0,0,1
1788863715,33020,361504,3,11,97192939,76999725,109270258264,91237721,3880365954,0,0,0,0,1
1788863716,33181,361504,3,11,97193154,76999750,109498457663,91427917,3883380033,0,0,0,0,1
1788863717,33283,361504,3,11,97193366,76999825,109647128717,91550724,3884975985,0,0,0,0,1
1788863719,33451,361768,3,11,97193579,76999835,109882001652,91744564,3887944467,0,0,0,0,1
1788863720,33564,362044,3,11,97193783,76999892,110047377731,91883193,3889922313,0,0,0,0,1
1788863721,33723,362044,3,11,97193993,76999911,110260204675,92060882,3892745915,0,0,0,0,1
1788863722,33891,364440,3,11,97194210,76999925,110524767227,92279249,3895891789,0,0,0,0,1
1788863723,34041,364440,3,11,97194422,76999955,110740139924,92457004,3898395579,0,0,0,0,1
1788863724,34150,364696,3,11,97194630,77000025,110879719629,92577043,3900219597,0,0,0,0,1
1788863725,34195,365088,3,11,97194839,77000149,110935141033,92622528,3900812253,0,0,0,0,1
1788863726,34200,365088,3,11,97195034,77000311,110935149927,92622614,3900817054,0,0,0,0,1
1788863727,34206,365088,3,11,97195232,77000473,110935161004,92622728,3900822126,0,0,0,0,1
1788863728,34211,365088,3,11,97195429,77000632,110935180348,92622949,3900831023,0,0,0,0,1
1788863729,34217,365088,3,11,97195623,77000792,110935198159,92623188,3900833330,0,0,0,0,1
1788863730,34223,365088,3,11,97195819,77000952,110935255895,92623951,3900834998,0,0,0,0,1
1788863731,34228,365088,3,11,97196016,77001114,110935288287,92624398,3900834998,0,0,0,0,1
1788863732,34233,365088,3,11,97196215,77001275,110935312418,92624698,3900836208,0,0,0,0,1
1788863733,34239,365088,3,11,97196411,77001435,110935335642,92625017,3900836284,0,0,0,0,1
1788863734,34247,365088,3,11,97196605,77001593,110935386429,92625667,3900875289,0,0,0,0,1
1788863735,34251,365088,3,11,97196802,77001755,110935390382,92625687,3900878046,0,0,0,0,1
1788863736,34257,365088,3,11,97196997,77001916,110935393318,92625695,3900879615,0,0,0,0,1
1788863737,34262,365088,3,11,97197195,77002079,110935395387,92625722,3900880563,0,0,0,0,1
1788863739,34268,364404,3,11,97197392,77002239,110935403704,92625769,3900884046,0,0,0,0,1
1788863740,34273,364404,3,11,97197586,77002399,110935436689,92626197,3900888338,0,0,0,0,1
1788863741,34278,364404,3,11,97197781,77002559,110935462562,92626545,3900894312,0,0,0,0,1
1788863742,34284,363600,3,11,97197977,77002718,110935483697,92626824,3900903762,0,0,0,0,1
1788863743,34289,363600,3,11,97198171,77002878,110935500377,92627035,3900912274,0,0,0,0,1
1788863744,34296,362796,3,11,97198369,77003039,110935517680,92627229,3900920321,0,0,0,0,1
1788863745,34302,362796,3,11,97198567,77003200,110935530935,92627402,3900924236,0,0,0,0,1
1788863746,34307,361992,3,11,97198764,77003361,110935534624,92627452,3900924633,0,0,0,0,1
1788863747,34313,361188,3,11,97198959,77003520,110935543900,92627575,3900927268,0,0,0,0,1
1788863748,34318,361188,3,11,97199156,77003681,110935550632,92627665,3900928885,0,0,0,0,1
1788863749,34322,361188,3,11,97199350,77003842,110935559906,92627783,3900931667,0,0,0,0,1
1788863750,34328,360384,3,11,97199544,77004003,110935573262,92627953,3900938125,0,0,0,0,1
1788863751,34334,360384,3,11,97199742,77004164,110935591458,92628184,3900947120,0,0,0,0,1
1788863752,34338,360384,3,11,97199936,77004324,110935603295,92628334,3900952739,0,0,0,0,1
1788863753,34344,360384,3,11,97200132,77004485,110935616570,92628499,3900961973,0,0,0,0,1
1788863754,34349,360384,3,11,97200328,77004646,110935621130,92628557,3900968473,0,0,0,0,1
1788863755,34355,360384,3,11,97200528,77004807,110935633155,92628705,3900978769,0,0,0,0,1
1788863756,34359,360384,3,11,97200724,77004968,110935639097,92628779,3900982088,0,0,0,0,1
1788863757,34365,360384,3,11,97200922,77005129,110935647308,92628882,3900986882,0,0,0,0,1
1788863758,34370,360384,3,11,97201118,77005289,110935652355,92628946,3900989595,0,0,0,0,1
1788863759,34375,360384,3,11,97201314,77005450,110935657378,92629010,3900993122,0,0,0,0,1
1788863760,34379,360384,3,11,97201512,77005612,110935662552,92629078,3900993832,0,0,0,0,1
1788863761,34384,360384,3,11,97201712,77005774,110935669504,92629165,3900997958,0,0,0,0,1
1788863762,34388,360384,3,11,97201906,77005935,110935674874,92629236,3901002352,0,0,0,0,1
1788863763,34393,360384,3,11,97202101,77006096,110935683008,92629337,3901003536,0,0,0,0,1
1788863765,34398,360384,3,11,97202297,77006258,110935686062,92629377,3901004239,0,0,0,0,1
1788863766,34403,360384,3,11,97202496,77006421,110935688516,92629410,3901005273,0,0,0,0,1
1788863767,34407,360384,3,11,97202695,77006583,110935693366,92629472,3901007698,0,0,0,0,1
1788863768,34413,360384,3,11,97202889,77006744,110935703666,92629603,3901014256,0,0,0,0,1
1788863769,34417,360384,3,11,97203086,77006905,110935708794,92629669,3901016708,0,0,0,0,1
1788863770,34422,360384,3,11,97203282,77007066,110935716790,92629768,3901022369,0,0,0,0,1
1788863771,34426,360384,3,11,97203476,77007227,110935719996,92629808,3901025890,0,0,0,0,1
1788863772,34431,360384,3,11,97203673,77007390,110935723409,92629851,3901027066,0,0,0,0,1
1788863773,34435,360384,3,11,97203869,77007551,110935728343,92629916,3901028226,0,0,0,0,1
1788863774,34441,360384,3,11,97204067,77007712,110935733700,92629984,3901030007,0,0,0,0,1
1788863775,34444,360384,3,11,97204263,77007873,110935739661,92630063,3901030750,0,0,0,0,1
1788863776,34449,360384,3,11,97204457,77008034,110935745364,92630136,3901032830,0,0,0,0,1
1788863777,34454,360384,3,11,97204652,77008195,110935748279,92630173,3901033365,0,0,0,0,1
1788863778,34460,360384,3,11,97204848,77008355,110935768393,92630451,3901065986,0,0,0,0,1
1788863779,34612,360384,3,11,97205056,77008379,111141460191,92799437,3903884533,0,0,0,0,1
1788863780,34739,360384,3,11,97205266,77008427,111346800719,92970228,3905971782,0,0,0,0,1
1788863781,34904,360408,3,11,97205485,77008447,111584657584,93167971,3908879311,0,0,0,0,1
1788863782,35069,360548,3,11,97205699,77008461,111825872110,93367141,3911834954,0,0,0,0,1
1788863783,35229,360920,3,11,97205914,77008487,112069975722,93571413,3914863267,0,0,0,0,1
1788863785,35393,360920,3,11,97206134,77008507,112318946951,93777374,3917742080,0,0,0,0,1
1788863786,35558,360920,3,11,97206347,77008526,112559765026,93976076,3920774912,0,0,0,0,1
1788863787,35721,360920,3,11,97206562,77008546,112810172109,94182530,3923611714,0,0,0,0,1
1788863788,35881,360920,3,11,97206774,77008568,113058959537,94388418,3926693071,0,0,0,0,1
1788863789,36035,360920,3,11,97206985,77008599,113281022449,94573359,3929442528,0,0,0,0,1
1788863790,36196,360920,3,11,97207197,77008618,113534367937,94782882,3932515968,0,0,0,0,1
1788863791,36363,360920,3,11,97207413,77008637,113771038115,94980673,3935626519,0,0,0,0,1
1788863792,36523,360920,3,11,97207632,77008667,114016943736,95182478,3938724944,0,0,0,0,1
1788863793,36694,360920,3,11,97207854,77008679,114269834137,95390739,3941995122,0,0,0,0,1
1788863794,36864,360920,3,11,97208069,77008687,114518372581,95593297,3944820554,0,0,0,0,1
1788863795,37027,360920,3,11,97208279,77008701,114778917563,95807756,3948239950,0,0,0,0,1
1788863797,37190,360920,3,11,97208492,77008721,115024498921,96011375,3951269140,0,0,0,0,1
1788863798,37353,360920,3,11,97208708,77008744,115284129903,96228878,3954373042,0,0,0,0,1
1788863799,37526,360920,3,11,97208930,77008762,115547600788,96444251,3957477883,0,0,0,0,1
1788863800,37690,360920,3,11,97209150,77008784,115790706658,96645650,3960350069,0,0,0,0,1
1788863801,37847,360920,3,11,97209360,77008806,116023625887,96840154,3963373808,0,0,0,0,1
1788863802,38013,360920,3,11,97209575,77008828,116286993580,97057223,3966701022,0,0,0,0,1
1788863803,38181,360116,3,11,97209790,77008838,116512096396,97243370,3969401311,0,0,0,0,1
1788863804,38347,360116,3,11,97210003,77008853,116773892916,97459661,3972696955,0,0,0,0,1
1788863805,38513,360116,3,11,97210220,77008868,117016967226,97658925,3975551946,0,0,0,0,1
1788863806,38656,360116,3,11,97210431,77008900,117241827180,97845611,3978254334,0,0,0,0,1
1788863807,38761,360116,3,11,97210638,77008966,117366522734,97953321,3979789450,0,0,0,0,1
1788863808,38849,360116,3,11,97210838,77009048,117492162857,98059370,3981289621,0,0,0,0,1
1788863810,38854,360116,3,11,97211033,77009209,117492180552,98059609,3981290520,0,0,0,0,1
1788863811,38862,359312,3,11,97211229,77009367,117492187810,98059709,3981290662,0,0,0,0,1
1788863812,38867,359312,3,11,97211427,77009528,117492192209,98059770,3981290662,0,0,0,0,1
1788863813,38880,359312,3,11,97211620,77009681,117499317681,98066375,3981447336,0,0,0,0,1
1788863814,39042,359312,3,11,97211834,77009696,117738950605,98264484,3984614202,0,0,0,0,1
1788863815,39216,359312,3,11,97212051,77009704,117999692896,98478047,3987750733,0,0,0,0,1
1788863816,39376,359312,3,11,97212267,77009727,118233281258,98672204,3990685348,0,0,0,0,1
1788863817,39511,359312,3,11,97212482,77009777,118434649173,98842601,3993121692,0,0,0,0,1
1788863818,39678,359312,3,11,97212699,77009792,118685182483,99046549,3996294422,0,0,0,0,1
1788863819,39850,359312,3,11,97212919,77009812,118935554181,99252034,3999279843,0,0,0,0,1
1788863820,40006,359312,3,11,97213131,77009833,119162148779,99440320,4002225276,0,0,0,0,1
1788863821,40105,359312,3,11,97213336,77009910,119316099140,99569222,4003817801,0,0,0,0,1
1788863822,40204,359312,3,11,97213546,77009989,119434572546,99672107,4005243312,0,0,0,0,1
1788863824,40291,359312,3,11,97213748,77010072,119552596862,99772179,4006563169,0,0,0,0,1
1788863825,40380,359312,3,11,97213955,77010154,119670251262,99873802,4007983792,0,0,0,0,1
1788863826,40438,359312,3,11,97214155,77010266,119747042267,99937564,4008818992,0,0,0,0,1
1788863827,40446,359312,3,11,97214353,77010424,119747123274,99938226,4008850934,0,0,0,0,1
1788863828,40451,359312,3,11,97214549,77010585,119747128272,99938288,4008855625,0,0,0,0,1
1788863829,40456,359312,3,11,97214744,77010746,119747131637,99938332,4008856672,0,0,0,0,1
1788863830,40460,359312,3,11,97214938,77010907,119747141897,99938440,4008857965,0,0,0,0,1
1788863831,40465,359312,3,11,97215134,77011069,119747150992,99938565,4008857965,0,0,0,0,1
1788863832,40470,359312,3,11,97215333,77011230,119747222351,99939555,4008857965,0,0,0,0,1
1788863833,40476,359312,3,11,97215528,77011391,119747267388,99940169,4008857965,0,0,0,0,1
1788863834,40481,359312,3,11,97215724,77011551,119747290915,99940495,4008857965,0,0,0,0,1
1788863835,40486,359312,3,11,97215921,77011712,119747303488,99940634,4008859117,0,0,0,0,1
1788863836,40491,359312,3,11,97216115,77011873,119747317145,99940823,4008859117,0,0,0,0,1
1788863837,40497,359312,3,11,97216313,77012034,119747356877,99941323,4008895531,0,0,0,0,1
1788863838,40506,359312,3,11,97216508,77012193,119756663949,99948988,4008965392,0,0,0,0,1
1788863839,40613,359312,3,11,97216710,77012256,119900721013,100071596,4010760526,0,0,0,0,1
1788863840,40756,359312,3,11,97216917,77012291,120114918201,100252174,4013286214,0,0,0,0,1
1788863841,40907,359312,3,11,97217129,77012323,120338858234,100438789,4015960260,0,0,0,0,1
1788863842,40929,359312,3,11,97217329,77012469,120368696294,100464301,4016290627,0,0,0,0,1
1788863843,40935,358508,3,11,97217525,77012628,120368754189,100464648,4016290713,0,0,0,0,1
1788863844,40940,358508,3,11,97217721,77012790,120368773148,100464781,4016290799,0,0,0,0,1
1788863846,40945,358508,3,11,97217919,77012952,120368816238,100465010,4016290885,0,0,0,0,1
1788863847,40951,357704,3,11,97218114,77013112,120368839412,100465233,4016291054,0,0,0,0,1
1788863848,40955,357704,3,11,97218308,77013272,120368852235,100465410,4016291140,0,0,0,0,1
1788863849,40960,357704,3,11,97218505,77013433,120368868959,100465544,4016291226,0,0,0,0,1
1788863850,40965,357704,3,11,97218702,77013594,120368897558,100465713,4016291312,0,0,0,0,1
1788863851,40969,357704,3,11,97218901,77013756,120368908379,100465830,4016291398,0,0,0,0,1
1788863852,40974,357704,3,11,97219098,77013917,120368923644,100465997,4016291491,0,0,0,0,1
1788863853,40978,357704,3,11,97219293,77014078,120368924234,100466005,4016291491,0,0,0,0,1
1788863854,40983,357704,3,11,97219490,77014240,120368925112,100466017,4016291663,0,0,0,0,1
1788863855,40988,357704,3,11,97219689,77014402,120368927878,100466055,4016291749,0,0,0,0,1
1788863856,40993,357704,3,11,97219886,77014563,120368940447,100466099,4016291835,0,0,0,0,1
1788863857,40997,357704,3,11,97220081,77014724,120368965454,100466250,4016291928,0,0,0,0,1
1788863858,41002,357704,3,11,97220279,77014884,120368969015,100466266,4016292021,0,0,0,0,1
1788863859,41006,357704,3,11,97220474,77015046,120368972231,100466278,4016292142,0,0,0,0,1
1788863860,41010,357704,3,11,97220671,77015208,120368973821,100466299,4016292228,0,0,0,0,1
1788863861,41015,357704,3,11,97220866,77015370,120368974724,100466311,4016292314,0,0,0,0,1
1788863862,41019,357704,3,11,97221060,77015531,120368992374,100466512,4016292476,0,0,0,0,1
1788863863,41023,357704,3,11,97221257,77015692,120368993324,100466524,4016292569,0,0,0,0,1
1788863864,41028,357704,3,11,97221453,77015854,120368993930,100466532,4016292655,0,0,0,0,1
1788863865,41033,357704,3,11,97221649,77016016,120368994808,100466544,4016292741,0,0,0,0,1
1788863866,41037,357704,3,11,97221847,77016179,120368995997,100466560,4016292827,0,0,0,0,1
1788863867,41042,357704,3,11,97222043,77016339,120369006551,100466705,4016293006,0,0,0,0,1
