arm,inject,delay_b,leg_a_dgrams,leg_b_dgrams,seq_offset,mergeable,align_yield_pct,merge_dgrams,merge_covered_by_b,merge_lost_dgrams,merge_lost_ts_packets,merge_longest_gap_ms,merge_content_pct,merge_conflicts,merge_cc_errors,merge_pcrs,merge_pcr_over40_pct,merge_pcr_gt100ms,merge_pcr_backward,merge_pcr_accuracy_fail,skew_abs_max_ms,leg_a_silence_max_ms,leg_a_carrier_after_content_s
a,blackout,0,5503,10842,0,True,100.0,10842,5339,0,0,0.0,100.0,0,0,1524,0.0000,0,0,1523,3.684,241.7,0.0
a,delay200,0,10821,10842,0,True,100.0,10842,21,0,0,0.0,100.0,0,0,1524,0.0000,0,0,1523,202.936,442.1,0.0
a,delay50,0,10842,10842,0,True,100.0,10842,0,0,0,0.0,100.0,0,0,1524,0.0000,0,0,1523,52.937,292.4,0.0
a,killegress,0,5503,10842,0,True,100.0,10842,5339,0,0,0.0,100.0,0,0,1524,0.0000,0,0,1523,2.961,242.5,0.0
a,killpub,0,5503,10842,0,True,100.0,10842,5339,0,0,0.0,100.0,0,0,1524,0.0000,0,0,1523,3.432,241.8,0.0
a,killrelay,0,5503,10842,0,True,100.0,10842,5339,0,0,0.0,100.0,0,0,1524,0.0000,0,0,1523,2.703,242.4,0.0
a,loss1,0,10815,10842,0,True,100.0,10842,27,0,0,0.0,100.0,0,0,1524,0.0000,0,0,1523,4.358,245.9,0.0
a,loss3,0,10672,10842,0,True,100.0,10842,170,0,0,0.0,100.0,0,0,1524,0.0000,0,0,1523,2.819,242.0,0.0
a,none,20,10841,10841,-3542,False,0.4246,10841,0,0,0,0.0,100.0,10788,0,1523,0.0000,0,0,1522,243.295,243.4,0.0
a,none,0,10842,10842,0,True,100.0,10842,0,0,0,0.0,100.0,0,0,1524,0.0000,0,0,1523,6.061,242.4,0.0
a,none,0,10842,10842,0,True,100.0,10842,0,0,0,0.0,100.0,0,0,1524,0.0000,0,0,1523,2.889,242.4,0.0
a,none,0,10842,10842,0,True,100.0,10842,0,0,0,0.0,100.0,0,0,1524,0.0000,0,0,1523,3.186,243.0,0.0
a,termpub,0,5503,10842,0,True,100.0,10842,5339,0,0,0.0,100.0,0,0,1524,0.0000,0,0,1523,3.609,241.6,0.0
b,blackout,0,11790,23176,1,False,52.3115,23176,11387,0,0,0.0,48.05,5622,1,2593,1.5046,18,0,1,4.741,4.6,0.0
b,delay50,0,23155,23174,0,False,51.7512,23174,19,0,0,0.0,48.08,11172,1,2589,1.5070,19,0,1,50.894,53.3,0.566
b,killegress,0,11781,23174,1,False,49.2573,23174,11393,0,0,0.0,48.06,5978,1,2593,1.4275,19,0,1,1.973,4.1,0.0
b,killpub,0,13271,23175,0,False,40.3874,23175,9906,0,0,0.0,51.69,7910,1,2612,1.4171,15,0,0,5.33,4.1,0.0
b,killrelay,0,13271,23176,-1,False,46.515,23174,9903,0,0,0.0,51.67,7098,1,2613,1.4548,17,0,1,4.204,4.3,0.0
b,loss1,0,23063,23175,0,False,53.3972,23175,112,0,0,0.0,48.02,10748,82,2598,1.5402,19,0,26,2.616,8.2,0.62
b,loss3,0,22847,23175,-1,False,49.3982,23175,328,0,0,0.0,48.04,11561,240,2580,2.2102,19,7,64,4.131,8.4,0.622
b,none,20,23175,23176,4591,False,30.1339,23175,0,0,0,0.0,46.32,7672,0,2588,1.4302,20,0,0,32097.871,3.9,0.0
b,none,0,23175,23176,-1,False,46.125,23176,2,0,0,0.0,48.07,12485,0,2593,1.5818,16,0,0,6.997,4.1,0.605
b,quicloss_recover,0,14419,23176,-1,False,41.1471,23175,8756,0,0,0.0,50.78,8486,3,2590,1.2746,15,2,1,23045.693,23049.0,0.0
b,termpub,0,13271,23175,0,False,45.46,23174,9903,0,0,0.0,51.75,7238,1,2612,1.4171,17,0,1,3.451,3.8,0.0
c,blackout,0,11786,23174,0,True,100.0,23174,11388,0,0,0.0,48.09,0,0,2594,1.5040,16,0,0,0.335,3.6,0.0
c,delay10,0,23171,23174,0,True,100.0,23174,3,0,0,0.0,48.1,0,0,2593,1.4660,16,0,0,13.134,13.2,0.608
c,delay200,0,23100,23176,0,True,100.0,23176,76,0,0,0.0,48.08,0,0,2598,1.4247,15,0,0,200.02,202.1,0.416
c,delay50,0,23156,23176,0,True,100.0,23176,20,0,0,0.0,48.03,0,0,2595,1.5035,16,0,0,50.057,52.1,0.565
c,loss1,0,23072,23176,0,True,100.0,23176,104,0,0,0.0,48.11,0,0,2590,1.5064,16,0,0,0.199,6.3,0.594
c,loss3,0,22844,23175,0,True,100.0,23175,331,0,0,0.0,48.09,0,0,2593,1.5818,16,0,0,0.189,8.3,0.617
c,none,0,23176,23176,0,True,100.0,23176,0,0,0,0.0,48.09,0,0,2594,1.5040,17,0,0,0.228,3.8,0.604
d,none,0,23175,23175,0,True,100.0,23175,1,0,0,0.0,99.91,0,0,2934,1.1592,23,0,0,8.806,8.9,0.0
d,none,20,23175,23175,4559,False,0.0806,23175,0,0,0,0.0,99.91,18597,0,2928,1.1274,27,0,0,12011.469,4.0,0.0
d,quicloss_recover,0,17993,23176,0,False,68.5565,23176,5183,0,0,0.0,99.34,5657,2,2930,1.1608,23,0,0,5.805,13643.9,0.0
d,killpub,0,12334,23175,0,True,100.0,23175,10841,0,0,0.0,99.91,0,0,2934,1.1592,23,0,0,2.387,4.0,0.0
d,termpub,0,12333,23174,0,True,100.0,23174,10842,0,0,0.0,99.91,0,0,2934,1.1592,23,0,0,3.061,3.9,0.0
d,killrelay,0,12334,23175,0,True,100.0,23174,10840,0,0,0.0,99.91,0,0,2934,1.1592,23,0,0,3.989,4.0,0.0
d,killegress,0,11781,23174,0,True,100.0,23171,11390,0,0,0.0,99.91,0,0,2934,1.1592,23,0,0,10.768,4.3,0.0
d,blackout,0,11788,23175,0,True,100.0,23175,11387,0,0,0.0,99.91,0,0,2934,1.1592,23,0,0,2.421,4.1,0.0
d,loss1,0,23045,23175,0,True,100.0,23175,130,0,0,0.0,99.91,0,0,2934,1.1592,23,0,0,8.296,8.3,0.0
d,loss3,0,22848,23175,0,True,100.0,23174,326,0,0,0.0,99.91,0,0,2934,1.1592,23,0,0,2.618,8.3,0.0
d,delay50,0,23155,23175,0,True,100.0,23171,16,0,0,0.0,99.91,0,0,2934,1.1592,23,0,0,46.866,52.1,0.0
